,count,mean,std,min,25%,50%,75%,max
age,3999.0,40.807951987997,11.076866672002968,22.0,31.0,41.0,50.0,59.0
job_level,0.0,,,,,,,
years_experience,0.0,,,,,,,
salary,4000.0,88360.84675,34462.228560796946,30138.0,57945.0,87713.0,118296.0,149863.0
bonus_percent,4000.0,12.480487250000001,4.320680561319673,5.0,8.77,12.51,16.28,19.99
performance_score,4000.0,79.932,11.810916579064022,60.0,70.0,80.0,90.0,100.0
