department,avg_salary,avg_experience,employee_count
Engineering,87941.91021671827,,646
Finance,87533.59731543624,,745
HR,89784.10404624278,,692
Marketing,87462.26433121019,,628
Operations,88698.07309941521,,684
Sales,88750.41157024793,,605
