column,mean,median,std,skew,kurtosis
age,40.807951987997,41.0,11.076866672002966,-0.047589874386053055,-1.228504769502564
salary,88360.84675,87713.0,34462.228560796946,0.056834116668019664,-1.1916061976147283
bonus_percent,12.480487250000001,12.51,4.320680561319673,-0.013793053892231844,-1.197879016665654
performance_score,79.932,80.0,11.810916579064022,0.015257130213333126,-1.2042819483276972
